Month,Payment,Principal,Interest,Balance
1,489.15,353.74,135.42,24646.26
2,489.15,355.65,133.50,24290.61
3,489.15,357.58,131.57,23933.03
4,489.15,359.52,129.64,23573.51
5,489.15,361.46,127.69,23212.05
6,489.15,363.42,125.73,22848.63
7,489.15,365.39,123.76,22483.24
8,489.15,367.37,121.78,22115.87
9,489.15,369.36,119.79,21746.51
10,489.15,371.36,117.79,21375.15
11,489.15,373.37,115.78,21001.78
12,489.15,375.39,113.76,20626.38
13,489.15,377.43,111.73,20248.96
14,489.15,379.47,109.68,19869.48
15,489.15,381.53,107.63,19487.96
16,489.15,383.59,105.56,19104.36
17,489.15,385.67,103.48,18718.69
18,489.15,387.76,101.39,18330.93
19,489.15,389.86,99.29,17941.07
20,489.15,391.97,97.18,17549.10
21,489.15,394.10,95.06,17155.00
22,489.15,396.23,92.92,16758.77
23,489.15,398.38,90.78,16360.39
24,489.15,400.53,88.62,15959.86
25,489.15,402.70,86.45,15557.15
26,489.15,404.89,84.27,15152.27
27,489.15,407.08,82.07,14745.19
28,489.15,409.28,79.87,14335.90
29,489.15,411.50,77.65,13924.40
30,489.15,413.73,75.42,13510.67
31,489.15,415.97,73.18,13094.70
32,489.15,418.22,70.93,12676.48
33,489.15,420.49,68.66,12255.99
34,489.15,422.77,66.39,11833.22
35,489.15,425.06,64.10,11408.16
36,489.15,427.36,61.79,10980.81
37,489.15,429.67,59.48,10551.13
38,489.15,432.00,57.15,10119.13
39,489.15,434.34,54.81,9684.79
40,489.15,436.69,52.46,9248.09
41,489.15,439.06,50.09,8809.03
42,489.15,441.44,47.72,8367.59
43,489.15,443.83,45.32,7923.77
44,489.15,446.23,42.92,7477.53
45,489.15,448.65,40.50,7028.88
46,489.15,451.08,38.07,6577.80
47,489.15,453.52,35.63,6124.28
48,489.15,455.98,33.17,5668.30
49,489.15,458.45,30.70,5209.85
50,489.15,460.93,28.22,4748.91
51,489.15,463.43,25.72,4285.48
52,489.15,465.94,23.21,3819.54
53,489.15,468.46,20.69,3351.08
54,489.15,471.00,18.15,2880.08
55,489.15,473.55,15.60,2406.52
56,489.15,476.12,13.04,1930.40
57,489.15,478.70,10.46,1451.71
58,489.15,481.29,7.86,970.42
59,489.15,483.90,5.26,486.52
60,489.15,486.52,2.64,0.00
